{
	"id": "2ed0bca2adda75759ac21bdf2634f9c1",
	"_format": "hh-sol-build-info-1",
	"solcVersion": "0.8.15",
	"solcLongVersion": "0.8.15+commit.e14f2714",
	"input": {
		"language": "Solidity",
		"sources": {
			"HeftyVerse/heftiverse/contracts/MarketPlace.sol": {
				"content": "// // SPDX-License-Identifier: UNLICENSED\n// pragma solidity ^0.8.7;\n\n// import \"@openzeppelin/contracts/security/ReentrancyGuard.sol\";\n// import \"@openzeppelin/contracts/access/AccessControl.sol\";\n// import \"@openzeppelin/contracts/proxy/utils/Initializable.sol\";\n// import \"@openzeppelin/contracts/utils/cryptography/ECDSA.sol\";         \n// import \"./Copy_draft-EIP712.sol\";\n// import \"./interfaces/INFTTemplate.sol\";\n// import \"./interfaces/ISwapping.sol\";\n\n// contract marketPlace is ReentrancyGuard, AccessControl, Initializable, EIP712 {\n//     uint256 timeOut;\n//     address seller;\n//     uint256 initialAmount;\n//     address highestBidder;\n//     uint256 highestBid;\n//     uint256 auctionEnd;\n\n    \n\n//     mapping(address =>uint256)bids;\n\n//     struct NFTDetails\n//     {\n//         uint tokenId;\n//         uint price;\n//         bool isCustodial;\n//         // bool sold;\n//         address collection;\n//         bytes signature;\n//     }\n    \n//     function startAuction(uint256 _timeOut,uint256 _initialAmount ) external \n//     {\n//         timeOut=_timeOut;\n//         seller = msg.sender;\n//         initialAmount = _initialAmount;\n//         auctionEnd = block.timestamp + timeOut;\n//         seller=msg.sender;\n\n//     }\n\n//     function sellWithoutFiat(NFTDetails calldata voucher, address buyer) external payable\n//     {\n//         require(buyer!=address(0),\"Buyer can't be zero address\");\n//         require(voucher.isCustodial!=true,\"decentralised wallet\");\n//         require(msg.value>= voucher.price,\"Not enough balance\");\n//         address signer = _verify(voucher);\n//         require(signer==IERC721(voucher.collection).ownerOf(voucher.tokenId),\"Signer is not the owner\");\n//         IERC721(voucher.collection).safeTransferFrom(signer, buyer, voucher.tokenId);\n//         payable(signer)\n//         .transfer(msg.value);\n//     }\n\n//     function _hash(NFTDetails calldata voucher) internal view returns(bytes32){\n//         return _hashTypedDataV4((keccak256(abi.encode(keccak256(\"NFT voucher(uint256 tokenId,uint256 price,bool isCustodial)\"),\n//         voucher.tokenId,\n//         voucher.price,\n//         voucher.isCustodial\n//         // voucher.sold\n//         ))));\n//     }\n\n//     function _verify(NFTDetails calldata voucher) internal view returns (address) {\n//     bytes32 digest = _hash(voucher);\n//     return ECDSA.recover(digest, voucher.signature);\n//     }\n\n//     // function withdrawal(uint)\n// }"
			}
		},
		"settings": {
			"optimizer": {
				"enabled": true,
				"runs": 200
			},
			"outputSelection": {
				"*": {
					"": [
						"ast"
					],
					"*": [
						"abi",
						"metadata",
						"devdoc",
						"userdoc",
						"storageLayout",
						"evm.legacyAssembly",
						"evm.bytecode",
						"evm.deployedBytecode",
						"evm.methodIdentifiers",
						"evm.gasEstimates",
						"evm.assembly"
					]
				}
			}
		}
	},
	"output": {
		"errors": [
			{
				"component": "general",
				"errorCode": "3420",
				"formattedMessage": "Warning: Source file does not specify required compiler version! Consider adding \"pragma solidity ^0.8.15;\"\n--> HeftyVerse/heftiverse/contracts/MarketPlace.sol\n\n",
				"message": "Source file does not specify required compiler version! Consider adding \"pragma solidity ^0.8.15;\"",
				"severity": "warning",
				"sourceLocation": {
					"end": -1,
					"file": "HeftyVerse/heftiverse/contracts/MarketPlace.sol",
					"start": -1
				},
				"type": "Warning"
			}
		],
		"sources": {
			"HeftyVerse/heftiverse/contracts/MarketPlace.sol": {
				"ast": {
					"absolutePath": "HeftyVerse/heftiverse/contracts/MarketPlace.sol",
					"exportedSymbols": {},
					"id": 1,
					"license": "UNLICENSED",
					"nodeType": "SourceUnit",
					"nodes": [],
					"src": "2455:0:0"
				},
				"id": 0
			}
		}
	}
}